"id","name","license_id","address_number","address_street_name","ssn"
"10000","Christoper Peteuil","993845","624","Bankhall Ave","747714076"
"10007","Kourtney Calderwood","861794","2791","Gustavus Blvd","477972044"
"10010","Muoi Cary","385336","741","Northwestern Dr","828638512"
"10016","Era Moselle","431897","1987","Wood Glade St","614621061"
"10025","Trena Hornby","550890","276","Daws Hill Way","223877684"
"10027","Antione Godbolt","439509","2431","Zelham Dr","491650087"
"10034","Kyra Buen","920494","1873","Sleigh Dr","332497972"
"10039","Francesco Agundez","278151","736","Buswell Dr","861079251"
"10095","Leslie Thate","729987","2772","Camellia Park Circle","127944356"
"10122","Alva Conkel","779002","116","Diversey Circle","148521773"
"10126","Denver Barness","791807","1232","Via Escuela Rd","923716908"
"10127","Yessenia Fossen","449378","3087","Ash St","314282107"
"10141","Brittney Garfield","627292","2303","E Glen Park Ave","914555313"
"10145","Adolfo Milbury","556561","2261","S Burr Blvd","883502067"
"10152","Shanita Grigaliunas","206023","3056","Tarada St","659203754"
"10155","Cory Rodriquz","469214","2024","Montgomery Rd","689152589"
"10158","Sandy Braim","492507","1844","Gigi Blvd","526308262"
"10168","Alyssa Wacaster","113356","675","El Sanjon Dr","629860541"
"10187","Candra Laguardia","787365","2839","Trevelyan Ave","838427748"
"10193","Everett Flasher","173984","1994","Redstart Dr","133690837"
"10195","Ted Denfip","943723","2030","Hermit Ranch Way","498865878"
"10205","Harley Dearmore","566616","3701","Deercliff Circle","114085010"
"10206","Dominique Kelcourse","234066","1592","South Baybrook Blvd","216059344"
"10218","Tawnya Soenksen","606928","373","N Althea Ave","233535179"
"10219","Lynette Gehrlein","741585","993","Nashenden Farm Rd","749273979"
"10224","Dayna Hamiter","949130","3172","Glencoe Blvd","127711530"
"10233","Alysha Laba","573935","1036","Pala Ave","728297848"
"10236","Rogelio Gundersen","348809","75","West Oakdale Rd","826552633"
"10239","Vern Knochel","634998","1114","Beach Ave","893802962"
"10242","Rogelio Trullinger","573427","1462","Sherando Way","789152518"
"10250","Phil Brumbach","746676","2689","W Kingsley St","587719377"
"10252","Brant Chestand","760627","2733","Warrant Officer Bauer Circle","891321312"
"10263","Hortense Schleich","730378","290","Inchbonnie Circle","770034175"
"10269","Ahmed Ptacek","725731","1788","Ringlow Rd","278468103"
"10283","Marvella Rummler","805217","2800","Elm Brook Circle","609669321"
"10284","Shela Edelson","146234","1239","Springle Blvd","679493157"
"10287","Everette Arlia","952304","2034","Roseleigh Ave","855854498"
"10293","Errol Sandberg","538844","2426","London Hill Blvd","264155860"
"10304","Kimberley Silverberg","409894","371","Durweston Circle","469864247"
"10309","Odis Oliger","407895","478","Ashwater Rd","506347574"
"10319","Tama Mazy","706440","834","N Gateway Dr","169669311"
"10322","Shyla Truman","555548","2976","Crossmead Dr","323973268"
"10325","Bruna Sumlin","340579","3808","N Bartlett Ave","898899969"
"10332","Manda Steady","263345","696","Almaden Blvd","715381893"
"10334","Martin Cochrum","106882","858","Lonczak Circle","679802307"
"10336","Wesley Vancise","972265","2609","Symes Blvd","912522148"
"10346","Davina Gangwer","279338","1360","Thorby Circle","456994450"
"10347","Milford Digsby","379443","2435","Borick Rd","555893225"
"10357","Brad Bowthorpe","647833","3932","Valiant Way","548869147"
"10377","Otto Bednar","622673","2098","Golden West Way","953529160"
"10388","Johanne Scerbo","357410","3817","South Illinois Ave","133749912"
"10389","Britt List","967800","923","Marbury Rd","450910572"
"10401","Lupe Jehl","386708","1572","Twinview St","140986937"
"10425","Julio Abron","516080","1240","Errico Ave","338267383"
"10432","Stacia Bungert","747366","2770","Brown Hill Dr","828150852"
"10443","Vernia Eshlerman","232814","3004","Endon Circle","647860428"
"10447","Bernardo Zohn","826622","2218","Cawker St","556926236"
"10452","Zachary Angeloro","702210","3713","Currant Ave","965949567"
"10455","Sally Claborn","508546","2621","North Croydon Dr","659962475"
"10472","Kory Beauliev","317650","2532","Charles Mary Dr","298041684"
"10473","Daren Cwikla","687732","2479","Jersey Island Ave","941481359"
"10479","Lamar Dougal","330998","2848","Bass River Rd","970092883"
"10488","Perry Kalima","546008","360","Strype Ave","429453894"
"10489","Libbie Cristelli","123129","419","Slaight Dr","643471534"
"10518","Kenneth Embury","697704","1997","Bermondsey Long Ave","473784678"
"10522","Gilma Hentze","747622","3996","Trapper Way","417345692"
"10531","Tuyet Makinen","614689","2126","Sonning High Ave","292994504"
"10538","Luigi Larue","241264","2097","Beauty Beach Circle","310717397"
"10540","Hana Beverage","310922","3810","Ayling Circle","168899875"
"10548","Reginald Baragar","243542","2131","Higher Lomax St","159968509"
"10565","Nova Fess","229752","221","Parrott Blvd","922737356"
"10600","Ahmad Gehrlein","691486","1814","Vernam Rd","442249328"
"10605","See Blomberg","822468","3789","Drakes Landing Way","392270531"
"10615","Harold Fullmer","611876","804","Riedell Circle","421328353"
"10628","Maria Wallingford","252180","2812","Watney Way","225052190"
"10654","Sharyl Maryland","221465","298","Sevely Dr","604988312"
"10679","Louis Dehrer","913507","351","N Green Meadows Rd","305222358"
"10680","Ela Vardeman","490433","624","Tom Fowler St","383762179"
"10683","Wilburn Shilo","228375","839","West Muller Way","717231551"
"10699","Nisha Thielman","247757","3812","Litho Ave","566331316"
"10704","Shanta Finwall","121750","323","N Kingsway Way","392177155"
"10713","Tammy Furno","794481","1006","Flickinger St","745677086"
"10723","Fredric Dozer","307793","2753","East Laguna Dr","756730136"
"10743","Jon Bosten","742855","1283","Kinnaird Circle","337282520"
"10761","Malcolm Fechtig","484083","1859","Harestone St","690602176"
"10777","Emiko Spuhler","142084","1636","Korndyk Ave","288574603"
"10797","Zack Pentecost","150590","1839","Rushwood St","532875652"
"10808","Sharyl Cabal","731121","2491","Syril Way","615214086"
"10814","Cierra Schroer","568163","1404","Andy Rd","896709139"
"10815","Adriane Pelligra","952073","948","Emba Ave","243639527"
"10816","Garret Kuffel","773358","1075","Demby Rd","889692872"
"10833","Queen Radigan","573165","2910","Claire St","352925729"
"10834","Gerald Reil","316145","2456","Watervale Ave","382201590"
"10843","Linda Chikko","652509","453","Low Cross Wood Way","393445768"
"10866","Meghann Rimmer","829324","1155","Fiat Rd","459201711"
"10890","Jami Freiberger","562234","3376","Diesel Way","324014092"
"10904","Lawrence Angiolillo","933156","2895","Cameron Pond Ave","201309154"
"10909","Ada Mcbrady","969690","3982","Woolley Blvd","772978976"
"10910","Torie Diekmann","868735","21","Pilgrim Way","795102956"
"10912","Leida Vaka","650228","3820","Sherburne Dr","682173940"
